word,count
घण्टा,115
सेवा,62
१९,60
छ।,53
बैंकिङ,47
तथा,43
२०७८,42
२०२१विश्वअन्तर्वार्ताभिडियोविशेष,40
अपडेटयुरोकप,40
निर्वाचनविचारब्लगप्रतिक्रियाप्रवासपैसाकर्पोरेटखेलकुदकलाकोभिड-,40
प्रदेशस्थानीय,40
प्रदेशसुदूरपश्‍चिम,40
प्रदेशकर्णाली,40
प्रदेशलुम्बिनी,40
प्रदेशगण्डकी,40
प्रदेशबागमती,40
१मधेस,40
समाचारसमाजघुमफिरअपराधवातावरणविज्ञान/प्रविधिकृषिराजनीतिप्रदेशप्रदेश,40
Navigationगृहपृष्ठमुख्य,40
गर्ने,39
संवाददाता८,38
नेपाल,36
फाल्गुन,34
शाखारहित,34
संवाददाता४,32
लिगः,32
कोका–कोला,32
जिरो,31
बीमा,30
सुगर,28
ग्लोबल,27
जनाएको,27
बैंकको,27
वर्ष,26
"२,",26
नयाँँ,26
बैंकले,26
आईएमई,25
एक्स्टेन्सन,24
बैंकका,23
कम्पनीले,22
९,22
काउण्टर,22
११,22
"७,",21
लक्ष्मी,21
टीम,20
बारेहाम्रो,20
किन?शनिबारहाम्रो,20
रिपोर्टघुमफिरदर्शन-अध्यात्मसम्पादकीयसाहित्यस्वास्थ्यजीवनशैलीवातावरणगृहपृष्ठहामी,20
पत्रहरुसम्पादकीयब्लगअन्तर्वार्तातस्बिरफिचरभिडियोविशेष,20
प्रेम,20
चन्दनउत्कृष्ट,20
"माटो,",20
२०७४मेरो,20
१८चुनाव,20
२०७५विश्वकप-,20
अपडेटनयाँ,20
समाचारकोभिड-,20
नम्बर: ५४४/०७४–७५मुख्य,20
घिमिरेदर्ता,20
"सानेपा०१-५४०३७३०deshsanchar@gmail.com,contact@deshsanchar.comसम्पादक: युवराज",20
महानगरपालिका–,20
ललितपुर,20
समाचारहरू,20
वर्गका,20
दिनुहोस्सम्बन्धित,20
प्रकाशितप्रतिक्रिया,20
प्रदान,20
–,20
औं,20
रिपोर्टतस्बिरफिचरदर्शन-अध्यात्मसाहित्यसम्पादकीयस्वास्थ्यजीवनशैलीपडकास्टयुनिकोडSite,20
Site,20
विस्तारसञ्चार,19
संवाददाता१३,19
बजारमासञ्चार,19
सञ्चालनमासञ्चार,19
काठमाडौँ,19
भुक्तानी,18
जना,18
उपलब्ध,17
रहेको,17
भन्दै,17
बोनस,17
संवाददाता,17
सञ्चार,17
सार्वजनिकसञ्चार,16
खेलाडीको,16
मार्की,16
२२,16
सुपर,16
पक्राउसञ्चार,16
ठगी,16
आउँछ,16
ईसेवामा,16
संवाददाता३,16
पराजितसञ्चार,16
एनआरटीसँग,16
मनाङ,16
डिभिजन,16
ए,16
गरिएको,16
रिपोर्टतस्बिरफिचरदर्शन-अध्यात्मसाहित्यसम्पादकीयस्वास्थ्यजीवनशैलीपडकास्टयुनिकोडकर्पोरेट,16
शुल्क,14
वटा,14
आएको,14
प्रतिशत,13
बजारमा,13
सेवाको,13
गर्दै,13
रु,12
ल्याएको,12
जीवन,11
विकास,11
निःशुल्क,11
रकम,11
बढी,11
दिगो,10
योजना,10
सुविधा,10
रहने,10
सञ्चालनमा,10
खाता,10
तर्फबाट,9
खोलिएको,9
वित्तीय,9
स्वास्थ्य,8
मृत्यु,8
गर्दा,8
"६,",8
दिन,8
ग्राहकहरुको,8
सकिने,8
६,8
३,8
रुपमा,8
५०,8
विस्तार,8
क्लव,7
वार्मर,7
बेबी,7
बीमाङ्क,7
उनले,7
बिक्री,7
१०,7
एक्सटेन्सन,7
शाखाअन्तर्गत,7
एक्सचेन्ज,7
बचत,7
कतार,6
शेयर,6
भेषभुषा,6
लाइफ,6
अध्यक्ष,6
होमस्टे,6
नबिल,6
हुने,6
सो,6
आर्थिक,6
थप,6
बिल,6
वृद्धि,6
काउन्टर,6
भन्ने,6
४,6
नगरपालिका–,6
लिमिटेडले,6
संवाददाताफाल्गुन,6
पहुँच,6
हजार,6
पाउने,5
निष्काशन,5
खुला,5
लाख,5
महालक्ष्मी,5
कार्यक्रममा,5
दिइने,5
छुट,5
अधिकतम,5
सार्वजनिक,5
सामाजिक,5
प्रवर्द्धन,5
विभिन्न,5
चालु,5
कम्पनीको,5
करोड,5
कारणबाट,5
वार्षिक,5
कम्पनी,5
मूल्यमा,5
सदस्य,5
नवीकरण,5
नेपाली,5
आकर्षक,5
नेपालले,5
उद्देश्यले,5
बताएको,5
जानकारी,5
लिन,5
प्रतिनिधि,5
छ।बैंकले,5
बैंक,5
फोटोन,5
लिएको,5
ग्राहकलाई,5
शाखा,5
५००,5
२,5
"शाखा,",5
सीईओ,4
आवेदन,4
कित्ता,4
साधारण,4
माध्यमबाट,4
भेषभुषाको,4
चौकी,4
भएमा,4
बीमितको,4
दुर्घटना,4
मूल्य,4
व्यवस्था,4
लगानी,4
आईइन्स्योर,4
सहयोग,4
हस्ताक्षर,4
उद्यमशीलता,4
मिनेट,4
एन्टिबडी,4
गरिने,4
भोल्टी,4
कार्यालय,4
गराउँदै,4
बहन,4
उच्च,4
हुन्छ।,4
अफर,4
सञ्चालक,4
सम्बन्धित,4
लाभ,4
हो।,4
खल्ती,4
खल्तीले,4
अनलाइन,4
ब्लुबुक,4
सेल्स,4
सम्झौता,4
उत्पादन,4
चाहना,4
सुगरलाई,4
उत्कृष्ट,4
स्वाद,4
सुरु,4
रहेका,4
पर्यटन,4
स्थानीय,4
संस्था,4
वडा,4
इन्स्ट्यान्ट,4
सोरुममा,4
विश्वास,4
अझ,4
मोबाइल,4
वा,4
ग्राहकहरुलाई,4
पूरा,4
५,4
८,4
सदस्यहरुले,3
ग्लोबलका,3
यात्रा,3
सर्वसाधारणले,3
खरिदका,3
स्वाडलले,3
अनलाइनमार्फत,3
स्वाडल,3
चिनाउने,3
डटकम,3
"५,",3
डा,3
हस्तान्तरण,3
समितिका,3
आयोजित,3
ज्योति,3
जोखिमहरुबाहेक),3
नपर्ने,3
वर्षभित्र,3
छ।बीमालेख,3
बीमितले,3
छनोट,3
तरिका,3
रू,3
मासिक,3
उमेर,3
१८,3
जोखिम,3
लाइफले,3
अधिकृत,3
कार्यकारी,3
प्रमुख,3
नेटवर्कको,3
कम्युनिटी,3
लुम्बिनीमा,3
गर्छ।,3
भने,3
उल्लेख,3
खोप,3
काम,3
शनिबार,3
डाटा,3
रिचार्जमा,3
अवसरमा,3
राष्ट्रिय,3
टेलिकमले,3
कल,3
प्रजातन्त्र,3
हजारभन्दा,3
टेक्नोलोजीले,3
टेककेयर,3
डिशहोम,3
फाइबरनेट,3
छ।यस,3
खोल्न,3
त्यस्तै,3
२०७७/०७८,3
इन्स्योरेन्स,3
खुद,3
छ।कम्पनीले,3
सेवामा,3
एमबी,3
सञ्चालन,3
छन्।,3
स्पेयर,3
बराबरको,3
हुन्डाइ,3
कन्स्ट्रक्सन,3
राष्ट्र,3
मध्यनजर,3
औपचारिक,3
उपलव्ध,3
आफूले,3
व्यवस्थापन,3
दर्ता,3
आवश्यक,3
गराइने,3
प्रयोगकर्ताहरुले,3
अहिले,3
नेपालको,3
कम्पनीका,3
जुनसुकै,3
गतेसम्म,3
फागुन,3
"भने,",3
नेपालमा,3
उपभोक्ताहरुले,3
१३,3
पुर्याउने,3
लाखभन्दा,3
सक्ने,3
सक्नेछन्।,3
क्षेत्रका,3
ग्रामीण,3
खोटाङ,3
नं,3
२७४,3
बाँकेटारमा,3
रिष्ठे,3
बजार,3
देउराली,3
क्यापसञ्चार,3
"८,",3
"कार्यालय,",3
क्षेत्रमा,3
सेवाहरुको,3
निक्षेप,3
"एटीएम,",3
जिल्लामा,3
क्रममा,3
सञ्जाल,3
बताइएको,2
च्याप्टरका,2
सम्झौतापत्रमा,2
भएका,2
एयरवेजमार्फत्,2
रेटिङ,2
पूँजी,2
चुक्ता,2
धितोपत्र,2
जारी,2
"४,",2
उत्थान,2
नेपालका,2
सामानहरु,2
आयात,2
गुणस्तरीय,2
समयमै,2
मण्डलफाल्गुन,2
आयातराम,2
पदार्थको,2
पेट्रोलियम,2
घटेन,2
बढ्दा,2
मण्डल८,2
घाटाराम,2
व्यापार,2
चुलियो,2
"आयात,",2
अर्बको,2
खर्ब,2
महिनामा,2
नाकाबाट,2
वीरगञ्ज,2
संवाददाता७,2
गिरावटसञ्चार,2
अंकले,2
३९.४०,2
परिसूचक,2
नेप्से,2
करोडको,2
विश्व,2
डटकमले,2
भेषभुषालाई,2
शुभारम्भ,2
डटकमको,2
हमालले,2
लक्ष्यसहित,2
विश्वसामु,2
रिपोर्टतस्बिरफिचरदर्शन-अध्यात्मसाहित्यसम्पादकीयस्वास्थ्यजीवनशैलीपडकास्टयुनिकोडकर्पोरेटपैसा,2
करिब,2
१७,2
शाखामार्फत,2
१०३,2
सिआस्वा,2
"सुविधा,",2
खोलेका,2
योजनाअन्तर्गत,2
बन्ने,2
समाजमा,2
नेपालीले,2
सुरेन्द्र,2
शिशुको,2
नवजात,2
आविष्कार,2
कल्पवृक्ष,2
कोष’मार्फत,2
‘हाम्रो,2
सिन्धुलीका,2
बैंकद्वारा,2
बीमालेखमा,2
दुर्घटनाको,2
(बीमालेखअन्तर्गत,2
फिर्ता,2
ऐच्छिक,2
करोडसम्मको,2
आधारमा,2
अवधि,2
योजनामा,2
व्यक्ति,2
वर्षदेखि,2
नहुने,2
सरिक,2
गर्नुको,2
लगानीमा,2
यही,2
आफूपछि,2
विशेषता,2
नेटवर्क,2
व्यक्त,2
आशा,2
नेटवर्कलाई,2
आन्तरिक,2
लक्ष्यलाई,2
राष्ट्रसंघको,2
संयुक्त,2
अवलम्बन,2
ढकालले,2
नायब,2
उक्त,2
"विकास,",2
प्रवर्द्धनमा,2
पक्राउरासस१,2
जुवाडे,2
नमोबुद्धबाट,2
संवाददाता४४,2
कम्प्लेक्ससञ्चार,2
माया,2
संवाददाता९,2
हुँदैसञ्चार,2
आइकन,2
कलेज,2
मिस,2
एण्ड,2
मिस्टर,2
सप्तरीमा,2
देखिएको,2
प्रभावकारिता,2
मानिस,2
खोपको,2
परिवर्तन,2
सहयोगी,2
यसले,2
मात्रामा,2
प्रतिरक्षा,2
रूपमा,2
एन्टिबडीको,2
लगाएको,2
रिपोर्टतस्बिरफिचरदर्शन-अध्यात्मसाहित्यसम्पादकीयस्वास्थ्यजीवनशैलीपडकास्टयुनिकोडकर्पोरेटसमाज,2
बताए।,2
एमपोसबाट,2
एलटीई,2
ओभर,2
भ्वाइस,2
दिवसको,2
उज्ज्वल,2
म्यानेजर,2
बिक्रीपछिको,2
सोरुमको,2
सह–वितरण,2
डिशहोमको,2
टीकाथलीमा,2
"भुक्तानी,",2
प्रारम्भ,2
उद्देश्यका,2
पुर्‍याउने,2
देशका,2
सिटिजन्स,2
ओराली,2
बर्दियाको,2
उपशाखा,2
७,2
प्रधान,2
विवरण,2
पारित,2
सफल,2
एवं,2
वर्षको,2
कोषमा,2
नाफा,2
कुल,2
परेको,2
भाइरस,2
कोरोना,2
सम्पन्न,2
चौथो,2
६०.३३,2
नाफामा,2
अजोड,2
देशभर,2
व्यवसाय,2
समग्र,2
बलियो,2
निर्माण,2
पार्ट्स,2
उचित,2
उपकरणहरु,2
हुन्डाइका,2
शक्तिशाली,2
अत्याधुनिक,2
ग्राहकहरुले,2
सन्तुष्टि,2
अनमोल’,2
‘हुन्डाइ,2
आइरहेको,2
समितिको,2
आवश्यकतालाई,2
सिरानचोक,2
चित्रेपोखरीमा,2
गोरखाको,2
५०औँ,2
गर्नुपर्ने,2
सरकारी,2
गई,2
विवरणहरू,2
सम्पूर्ण,2
मिल्ने,2
ब्लुबुकको,2
तिर्ने,2
प्रदायक,2
अभिवृद्धि,2
भेहिकल,2
दिने,2
प्रचलित,2
क्याम्पमा,2
छ।उक्त,2
१५,2
सोरुम,2
क्याप,2
नेपालभर,2
सुहाउने,2
जीवनशैलीलाई,2
पाउँदा,2
गराउन,2
ल्याउने,2
उपभोक्ताहरुको,2
बोल्दै,2
लन्च,2
अत्यन्तै,2
चाहने,2
नियन्त्रण,2
क्यालोरी,2
नो,2
स्वादमा,2
गरिरहेको,2
केन्द्रबाट,2
८६०,2
कार्यालयसमेत,2
वैदेशिक,2
संकलन,2
राजस्व,2
"सेवा,",2
२५२,2
२८७,2
७६,2
मुलुकभर,2
ग्राहकमाझ,2
२८,2
नाराका,2
बैंक’,2
टेलिकमको,2
रेमिट्यान्स,2
"गर्ने,",2
"लिने,",2
तोकिएको,2
बासिन्दाले,2
सेवाबाट,2
नियुक्त,2
"राई,",2
महतो,2
छन्।त्यस्तै,2
हो।बैंकको,2
कटारी,2
गाउँपालिका,2
मझुवागढी,2
रुपाकोट,2
दिक्तेल,2
गाउँपालिका–,2
१,2
दोरम्बा,2
भोजपुर,2
उदयपुरको,2
भवानीपुर,2
रुपन्देहीको,2
"चौघडा,",2
नुवाकोटको,2
"खार्मी,",2
खोटाङको,2
"बटेश्वर,",2
पुष्पवलपुर,2
धनुषाको,2
"बजार,",2
रामेछापको,2
"दावाँ,",2
भोजपुरको,2
ब्राण्ड,2
इन्टरनेट,2
नपुगेका,2
बढ्दो,2
व्यवसायी,2
"कर्जा,",2
"योजना,",2
पुगेको,2
एजेन्ट,2
स्थापना,2
विश्वभर,1
क्लवमा,1
ओहोदाका,1
"प्रमुख,",1
नियोगका,1
कूटनीतिक,1
"संस्थाहरु,",1
नेतृत्वदायी,1
निजी,1
देशमा,1
सयभन्दा,1
संस्थाको,1
न्यूयोर्कमा,1
अमेरिकाको,1
बताए।सीईओ,1
पुग्नका,1
गन्तव्यसम्म,1
मात्रै,1
नेपालभित्रका,1
क्लवका,1
भएसँगै,1
पोखरेलले,1
आदानप्रदान,1
छन्।सम्झौतापत्र,1
बोगटीले,1
एयरवेजका,1
पोखरेल,1
शम्भु,1
जनाइएको,1
यात्रुलाई,1
एयरवेजले,1
सम्झौताअनुसार,1
सोमबार,1
सम्बन्धमा,1
एयरवेजबीच,1
च्याप्टर,1
छन्।सीईओ,1
तस्बिर।काठमाडौँ,1
फाइल,1
एयरवेजमा,1
-रासस,1
बुझिन्छ।,1
मध्यम,1
क्षमतामा,1
दायित्व,1
अवस्था,1
हालको,1
रेटिङअनुसार,1
ग्रेडिङ,1
बिबी’,1
आइआर,1
‘इक्राएनपि,1
कम्पनीलाई,1
इक्रा,1
व्यवस्थाअनुसार,1
क्रेडिट,1
धितोपत्रको,1
पुग्नेछ।,1
२६,1
बाँडफाँडपश्चात,1
शेयरको,1
सर्वसाधारणलाई,1
रहेकामा,1
छ।कम्पनीको,1
क्यापिटल,1
एसिया,1
एनआईसी,1
प्रबन्धक,1
शेयर’,1
‘मेरो,1
कार्यालयका,1
तिनका,1
पाएका,1
बोर्डबाट,1
नआए,1
मागबमोजिम,1
अवधिसम्म,1
कित्ताका,1
कित्तादेखि,1
न्यूनतम,1
शेयरमा,1
छ।निष्काशित,1
आह्वानपत्रमा,1
९४,1
बाँकी,1
सुरक्षित,1
कर्मचारीलाई,1
दशमलव,1
पूँजीको,1
छुट्याइएको,1
कोषलाई,1
सामूहिक,1
४२,1
शेयरमध्ये,1
हो।कम्पनीले,1
(आईपीओ)को,1
प्रारम्भिक,1
अङ्कित,1
१००,1
प्रतिकित्ता,1
सर्वसाधारणका,1
आजदेखि,1
लघुवित्त,1
लघुवित्तको,1
दिइन्।,1
वितरण,1
सुपथ,1
तयार,1
नेपालमै,1
रोजाइअनुसारका,1
गरिन्।,1
प्लेटफार्म,1
स्टप,1
वान,1
सामग्रीका,1
अत्यावश्यक,1
बालबालिकाको,1
भविष्यमा,1
निकट,1
न्यौपानेले,1
मानवी,1
लिड,1
मार्केटिङ,1
डिजाइन,1
प्रडक्ट,1
छ।स्वाडल,1
सुविधासमेत,1
साट्ने,1
सुन्ने,1
गुनासो,1
समस्या,1
रङ,1
"साइज,",1
सन्तुष्टिका,1
घरदैलोमा,1
लिई,1
अर्डर,1
छ।कम्पनीका,1
बनाउन,1
ग्राहक,1
सन्तुष्ट,1
नपुग्दै,1
डेढ,1
स्थापनाको,1
परिणामस्वरुप,1
परेका,1
रोजाइमा,1
सामग्रीहरु,1
जुत्तालगायतका,1
"मोजा,",1
"स्वेटर,",1
"रोम्पर,",1
परिपूर्ति,1
त्यसको,1
अभाव,1
सामानको,1
"तर,",1
पाइने,1
बिरलै,1
सामान,1
बालबालिकाका,1
छ।बजारमा,1
सामग्री,1
बालबालिकालाई,1
वर्षमुनीका,1
जन्मिएकादेखि,1
भर्खर,1
मूलमन्त्रसहित,1
गरौँ,1
सामानहरुको,1
उच्चस्तरका,1
बन्दै,1
प्रख्यात,1
छोटो,1
शुरु,1
लगानीबाट,1
बनाएको,1
सोच,1
बजारलाई,1
छ।भेषभुषा,1
बजारिकरण,1
भेषभुषाहरुको,1
जोडिएका,1
संस्कृतिसँग,1
कला,1
साइटको,1
प्रतिवद्धता,1
पहल,1
स्थान,1
नेपालीका,1
डिजाइनबाट,1
किसिमका,1
समूहलाई,1
शुरुवात,1
कलालाई,1
संस्कृति,1
बताए।कम्पनीले,1
नभइ,1
फेसन,1
समेटिरहेको,1
व्यक्तित्वमा,1
मानिसले,1
नसक्ने,1
रहन,1
फेसनबाट,1
बताए।महानायक,1
अभिप्रायका,1
नेपाललाई,1
हुन्।,1
राजेश,1
महानायक,1
काठमाडौँमा,1
छ।सोमबार,1
संस्कृतिलाई,1
"कला,",1
काठमाडौँ–,1
लञ्चसञ्चार,1
तवरले,1
सरलीकृत,1
उच्चस्तरीय,1
सुदुरपश्चिममा,1
कर्णालीमा,1
"१८,",1
"९,",1
गण्डकीमा,1
"३७,",1
बाग्मतीमा,1
"१५,",1
प्रदेशमा,1
मधेस,1
प्रदेश,1
छरिएर,1
देशैभर,1
पारेको,1
अपेक्षलाई,1
"आवश्यकता,",1
आम,1
प्रतिबद्घ,1
प्रतिफल,1
आम्दानीमा,1
ग्राहकवहरुको,1
छ।विगतदेखि,1
गर्नसक्ने,1
सुविधाहरु,1
जस्ता,1
डिम्याट,1
सेयर,1
"छुट,",1
शुल्कमा,1
लकरको,1
"कार्ड,",1
डेबिट,1
भिसा,1
"कारोबार,",1
अन्तरशाखा,1
गरिनेछ।,1
लाखको,1
गणना,1
ब्याज,1
८.५५,1
मौज्दातमा,1
दैनिक,1
खाता’,1
वृद्घि,1
‘महालक्ष्मी,1
मै,1
५१,1
वृृद्धि,1
एटीएममार्फत,1
६२,1
१११,1
थियो।बैंकले,1
परियोजना,1
‘न्यानोनानी’,1
केन्द्रको,1
सहकार्यका,1
अस्पतालहरुलाई,1
बनाई,1
नानी’,1
‘न्यानो,1
१२,1
केन्द्रलाई,1
प्रवर्द्धित,1
पुनद्वारा,1
महावीर,1
वार्षिकोत्सवको,1
१३औं,1
कार्यहरु,1
उत्तरदायित्वसम्बन्धी,1
जोडिएर,1
प्रत्यक्ष,1
गरिकहरुसँग,1
तथाना,1
निर्देशित,1
उद्देश्यबाट,1
मूल,1
गर्नको,1
उजागर,1
सम्भावनाहरुलाई,1
त्यस्ता,1
पहिचान,1
सम्भावनाहरुको,1
सुषुप्त,1
तहमा,1
थियो।नेपाली,1
तालिम,1
संचालनसम्बन्धी,1
कर्मचारीहरुलाई,1
नर्सलगायत,1
"डाक्टर,",1
संस्थाका,1
गरे।कार्यक्रममा,1
मोक्तानलाई,1
विमर्श,1
मरिण,1
चौकीमा,1
हुन्।त्यस्तै,1
राईलाई,1
महन्तकुमार,1
खोटाङका,1
संयोजक,1
कोषका,1
प्राङ्गणमा,1
चौकीको,1
हो।चिउरीडाँडा,1
राख्न,1
तापक्रम,1
शारीरिक,1
संस्थाहरुलाई,1
निर्मित,1
स्वदेशमै,1
केन्द्रद्वारा,1
सिन्धुलीलाई,1
चिउरीडाँडा,1
स्थापित,1
उत्तरदायित्वको,1
संस्थागत,1
अस्पताललाई,1
एकमुष्ट,1
सुविधाबापतकोे,1
(बीमालेख,1
अवधिभित्र,1
वर्षपश्चात,1
रकममात्र,1
दुर्घटनाबाहेक,1
बीमालेख,1
बीमितलाई,1
रकमबाहेक),1
तिरेको,1
सुविधाबापत,1
हकमा,1
लिनेको,1
(ऐच्छिक,1
रहेमा,1
जीवित,1
बीमित,1
पश्चातसम्म,1
बराबर,1
तिरेर,1
अतिरिक्त,1
वर्षदेखिका,1
छैन।,1
कर्जा,1
समर्पण,1
भएपश्चात,1
मितिबाट,1
किस्ता,1
छ।वार्षिक,1
छुटको,1
समेत,1
बीमाङ्कको,1
त्यसैगरी,1
लाग्नेछ।,1
पाइनेछ।त्रैमासिक,1
जसअनुसार,1
शुल्कको,1
तरिकाअनुसार,1
छ।बीमा,1
लाखदेखि,1
छ।न्यूनतम,1
तरिकाले,1
एकमुष्ठ,1
"त्रैमासिक,",1
"अर्ध–वार्षिक,",1
"वार्षिक,",1
सुविधाका,1
आम्दानी,1
कायम,1
६५,1
समाप्ति,1
बीमामा,1
वर्र्षसम्मको,1
२५,1
सक्नेछन्।न्यूनतम,1
सामेल,1
समूहका,1
६०,1
म्यादी,1
मुनाफामा,1
दावी,1
योजनाको,1
हुनु,1
सुनिश्चित,1
छ।न्यून,1
सुनिश्चत,1
न्यून,1
सुनिश्चिता,1
लगानीको,1
नपरोस्,1
संकट,1
परिवारमा,1
व्यक्तिलाई,1
पारिवारिक,1
घटनाले,1
अकल्पनीय,1
घट्न,1
समयमा,1
"छ,",1
अनिश्चित,1
परिकल्पना,1
भविष्यको,1
परिवारको,1
रहँदा,1
आफू,1
ब्यक्तिले,1
छ।प्रत्येक,1
यसै,1
बीमाको,1
सबैमा,1
माग,1
बजारको,1
आईइन्स्योर’,1
‘नेपाल,1
पुग्ने,1
टेवा,1
सम्झौतामार्फत,1
हो।यस,1
कार्यक्रम,1
धान,1
गते,1
असार,1
०७८,1
सघाउन,1
विकासको,1
सरकारले,1
होमस्टेको,1
सामुदायिक,1
उद्यम,1
गरे।कम्युनिटी,1
विकासमा,1
देशको,1
फैलाई,1
समुदायमा,1
अन्तर्राष्ट्रिय,1
सम्झौताले,1
बताए।कम्युनिटी,1
रुपान्तरणमा,1
बाह्य,1
स्तरमा,1
"बताए।साथै,",1
सावित,1
कोशेढुंगा,1
पहलमा,1
बैंकिङको,1
उद्देश्यसाथ,1
शाक्यले,1
हुन्।कार्यक्रममा,1
शिवप्रसाद,1
शाक्य,1
सुजितकुमार,1
सम्झौतामा,1
दरबारमार्गमा,1
छ।कम्युनिटी,1
नेटवर्कबीच,1
प्रवद्र्धन,1
साक्षरताका,1
"पर्यटन,",1
सहकार्यसञ्चार,1
९१%,1
८७%,1
सटको,1
बुस्टर,1
भर्नाविरुद्ध,1
अस्पतालका,1
भिजिट,1
रुम,1
आपतकालीन,1
अध्ययनका,1
महिनापछि,1
प्रायः,1
छ–,1
प्रभावकारी,1
कोरोनाभाइरसविरुद्ध,1
"यद्यपि,",1
घटेको,1
समयसँगै,1
केन्द्रका,1
रोकथाम,1
हुनेछन्।’रोग,1
अवस्थामा,1
अधिकांश,1
डोज,1
भएन,1
‘यदि,1
"छन्,",1
भनेका,1
प्राध्यापकले,1
औषधिको,1
औषधि,1
"इम्युनोलोजी,",1
प्याथोलोजी,1
"एलेबेडी,",1
अली,1
लेखक,1
छ।वरिष्ठ,1
विज्ञप्तिमा,1
’प्रेस,1
"गर्छ,’",1
स्विच,1
थोरै,1
विस्तारै,1
सक्दैन।,1
टिकाउन,1
अनिश्चितकालसम्म,1
गतिविधि,1
स्तरको,1
प्रणालीले,1
खर्च,1
ऊर्जा,1
हुँदा,1
गर्छ।‘ठूलो,1
प्रतिनिधित्व,1
परिवर्तनको,1
प्रतिक्रियामा,1
घट्नुले,1
स्तर,1
लगाएपछि,1
विज्ञप्तिअनुसार,1
प्रेस,1
थिए।युनिभर्सिटीको,1
ट्र्याक,1
परिपक्वता,1
मानिसमा,1
भाइरसको,1
छन्।अनुसन्धानकर्ताले,1
बताएका,1
महिनासम्म,1
कम्तीमा,1
लड्ने,1
कोभिड–१९,1
अनुसन्धानकर्ताले,1
मेडिसिनका,1
अफ,1
स्कुल,1
युनिभर्सिटी,1
वासिंगटन,1
लुइसस्थित,1
सेन्ट,1
गर्छ’सञ्चार,1
महिना,1
खोपले,1
‘कोरोनाविरुद्ध,1
बोनसको,1
१०२४,1
माथिको,1
सोभन्दा,1
५१२,1
सम्मको,1
४९९,1
२००,1
दिवसकै,1
भने।प्रजातन्त्र,1
"हुनेछ’,",1
नेटवर्कभित्र,1
व्यावसायिक,1
हालै,1
दिए।‘नेपाल,1
लागिमात्रै,1
दिनका,1
दिवस,1
लोहियाले,1
रञ्जित,1
सह–प्रवक्ता,1
छ।टेलिकमका,1
७२औं,1
"अफर,",1
दिवसमा,1
दिए।,1
थापाले,1
दीपक,1
टेककेयरका,1
मद्दत,1
सोरुमले,1
पुग्न,1
माझ,1
गराइसकेको,1
फाइबरनेटको,1
दिनेछ।दुई,1
सोरुममार्फत,1
पुर्याउँदै,1
ग्राहकहरुमाझ,1
डीटीएच,1
सहकार्य,1
नेटवर्कसँग,1
मिडिया,1
डिश,1
समयदेखि,1
लामो,1
थियो।विगत,1
उपस्थितिमा,1
थापाको,1
रविन,1
सिलाकार,1
रामसुन्दर,1
अफिसर,1
न्यौपाने,1
एरिया,1
"शर्मा,",1
मनोज,1
नेशनल,1
डिशहोमका,1
समुद्घाटन,1
गर्नेछ।सोरुम,1
छ।डिशहोम,1
सुभारम्भ,1
ललितपुरको,1
फाइबरनेटले,1
नेट,1
आधुनिक,1
ईकाईहरुबाट,1
९३,1
एटीएम,1
१२३,1
१७४,1
आफ्ना,1
फैलिएका,1
देशैभरि,1
छ।सिटिजन्स,1
अपेक्षा,1
सभ्यताको,1
उल्लेखनीय,1
बैंकप्रति,1
राखिएको,1
लक्ष्य,1
गराउने,1
सेवाहरु,1
भुक्तानीलगायत,1
फोनको,1
"स्थानान्तरण,",1
कोष,1
"संकलन,",1
बैंकिङबाट,1
व्यवसायिक,1
वलीलाई,1
चित्रबहादुर,1
स्थानमा,1
९३औँ,1
नगरपालिका,1
मधुवन,1
छ।यसै,1
सर्वसुलभ,1
बासिन्दाहरुलाई,1
स्थलका,1
दुर्गम,1
इन्टरनेसनल,1
दिएको,1
भइसकेको,1
स्वीकृति,1
समितिबाट,1
एउटा,1
बाग्लुङमका,1
टोखामा,1
ठमेल,1
छ।काठमाडौँको,1
काउण्टरहरुवाट,1
पक्ष,1
एक्टेन्सन,1
पुर्‍याएको,1
२४,1
२७,1
प्रादेशिक,1
कार्यालयलगायत,1
का,1
पुससम्म,1
अनुसूचीहरुसहितको,1
सोसँग,1
प्रवाह,1
नगद,1
हिसाब,1
आयव्यय,1
"हिसाब,",1
नोक्सान,1
"वासलात,",1
आव,1
प्रतिवेदनसहित,1
लेखापरीक्षकको,1
प्रतिवेदन,1
प्रस्तुत,1
अध्यक्षले,1
साधारणसभाले,1
छ।चौथो,1
अजोडले,1
हासिल,1
प्रतिशतले,1
७९.८२,1
४८.९८,1
संकलनमा,1
कूल,1
तुलनामा,1
अघिल्लो,1
सञ्चित,1
११.२१,1
१०.२०,1
छ।त्यस्तै,1
आर्जन,1
अर्ब,1
१.३१,1
बावजुद,1
प्रभावका,1
नकारात्मक,1
अर्थतन्त्रमा,1
असरले,1
सोको,1
फैलिएको,1
छ।विश्वव्यापी,1
शुक्रबार,1
साधारणसभा,1
लिमिटेडको,1
इन्स्योरेन्सको,1
मेसिनसँग,1
ग्राहकको,1
"गुणस्तर,",1
उपकरण,1
केन्द्रित,1
क्रसरहरुको,1
बकेट,1
ब्रेकर,1
¥यामर,1
"ब्रेकर्स,",1
जिसुङ,1
पार्ट्सका,1
"बिक्री,",1
उपकरणहरूको,1
वितरक,1
एकमात्र,1
इक्विपमेन्टको,1
हुण्डाइ,1
सोलुसनस्,1
हुन्छन्।कन्स्ट्रक्सन,1
क्षमताका,1
लोड,1
लागतमा,1
हुनुका,1
टिकाउ,1
आएका,1
प्रयत्न,1
डोर—टु—डोर,1
सातै,1
हप्ताको,1
कम्पनीहरूले,1
छ।साथै,1
सजिलै,1
किफायती,1
पाइनुका,1
बनाइएको,1
राखेर,1
इञ्जिनहरू,1
भरपर्दो,1
प्रविधिबाट,1
विज्ञान,1
उपकरणहरू,1
छ।हुन्डाइका,1
लागिमात्र,1
अवधिका,1
सीमित,1
किट,1
सर्भिस,1
२०००,1
खरिदमा,1
स्मार्ट,1
आर१४०एलएस,1
छ।अफरअन्तर्गत,1
प्रालि,1
सोलुसन,1
प्रोत्साहन,1
अनुभवलाई,1
ल्यायो,1
हुन्डाइले,1
मुलुकबाहिर,1
थिए।‘सबैका,1
रेग्मीले,1
रामजी,1
उद्घाटन,1
काउन्टरको,1
चित्रेपोखरी,1
मातहतमा,1
शाखाको,1
विस्तारित,1
चाप,1
सेवाग्राहीको,1
पेस,1
कार्यालयमा,1
दिनभित्र,1
३०,1
प्रक्रियाको,1
सकिन्छ।थप,1
दुबै,1
ट्रान्ज्याक्सनमा,1
होमपेजको,1
गर्नेछन्।,1
खल्तीबाटै,1
मिनेटमा,1
भीआरएसद्वारा,1
हुनेछ।,1
खल्तीमा,1
गर्नासाथ,1
गराइएको,1
एपमै,1
स्याम्पल,1
भनेर,1
नहोस्,1
अन्योल,1
महानुभावलाई,1
लागेका,1
प्रयोगकर्ता,1
बढ्नुहोस्।नयाँ,1
अगाडि,1
भर्नुहोस्,1
गर्नुहोस्।–,1
ट्याप,1
नवीकरणमा,1
रिन्यु’,1
‘ब्लुबुक,1
सर्भिसेस,1
गभर्मेन्ट,1
एपभित्र,1
प्रक्रिया–,1
सक्नेछन्।खल्तीमार्फत,1
खल्तीबाट,1
प्रयोगकर्ताहरूले,1
भएपछि,1
प्रक्रिया,1
हुन्छ।एक,1
मान्यता,1
सरकारद्वारा,1
सकिन्छ।,1
सहजै,1
मार्फत,1
वेबसाइट,1
(टीएमआईएस),1
प्रणाली,1
सूचना,1
यातायात,1
एप,1
नागरिक,1
कार्य,1
गर्नुपर्छ।,1
(भीआरएस),1
सिस्टम,1
रजिष्ट्रेसन,1
सवारीको,1
गर्नुपूर्व,1
छ।खल्ती,1
देशभरि,1
दिनमा,1
आगामी,1
उठाउन,1
प्रदेशका,1
बागमती,1
एपमार्फत,1
तिर्न,1
बेलैमा,1
अनलाइनबाटै,1
झन्झट,1
विनाकुनै,1
छ।आफ्नो,1
वालेट,1
डिजिटल,1
खल्तीमार्फत,1
गर्नेछ।’,1
अवसर,1
सुवर्ण,1
सवारीसाधन,1
एक्स्चेञ्ज,1
क्यापले,1
तल्लीन,1
एमएडब्लू,1
सधैँ,1
‘ग्राहकहरुलाई,1
आचार्यले,1
नवीन,1
हेड,1
प्रालिका,1
कमर्सियल,1
छ।एमएडब्लू,1
उपहार,1
ड्राइभमा,1
टेस्ट,1
फाइनान्सको,1
भ्यालुएसन,1
उच्चतम,1
मूल्यभन्दा,1
गाडीहरुको,1
पुराना,1
साट्न,1
टुनल्याण्डसँग,1
फोटोनको,1
गाडी,1
बालकुमारीमा,1
मोटर्सले,1
मिलिमा,1
२५०,1
मिलि,1
छौँ।’नयाँँ,1
उत्साहित,1
ल्याउन,1
उपभोक्तासामु,1
रुचाइएको,1
अत्यन्त,1
संसारभरि,1
युवा,1
अनुभव,1
आनन्द,1
पेयपदार्थको,1
चिसो,1
नपरी,1
व्यस्त,1
‘आफ्नो,1
पाण्डेले,1
प्रदीप,1
निर्देशक,1
प्रबन्ध,1
लिमिटेडका,1
बोटलर्स,1
छौँ।’त्यस्तै,1
लिएका,1
हामीले,1
पराइदिनुहुनेछ,1
लागेको,1
खुसी,1
यसलाई,1
पराउनुभएको,1
विश्वभरिकै,1
प्याकेजिङसहितको,1
गर्छौँ।,1
आवश्यकताअनुसारको,1
सदैव,1
‘हामी,1
अवस्थीले,1
आदर्श,1
डाइरेक्टर,1
कन्ट्री,1
कोका–कोलाका,1
बारेमा,1
थियो।लन्चको,1
पहिलोपल्ट,1
नोभेम्बरमा,1
२०१६,1
थियो।,1
रिफर्मुलेट,1
२०१७,1
सन्,1
दिनको,1
क्लासिकको,1
विश्वव्यापी,1
२००५,1
छ।सन्,1
मानिसहरुका,1
रुचाउने,1
पेयपदार्थ,1
साथमा,1
स्वादको,1
प्याकेजिङ,1
सानदार,1
ल्याइएको,1
इनोभेसनमार्फत,1
इन–हाउस,1
परीक्षण,1
सक्नेछन्।व्यापक,1
कोका–कोलाको,1
प्याकेजिङमा,1
बोल्ड,1
कोकको,1
क्लासिक,1
आइकोनिक,1
स्फुर्तीदायक,1
स्वादिष्ट,1
बैंकिङ्ग,1
मुलुक,1
छ।‘सबैका,1
स्थानहरुमा,1
हटाउन,1
बाध्यतालाई,1
पुग्नुपर्ने,1
टाढा–टाढासम्म,1
गर्नका,1
उपभोग,1
आयस्रोत,1
"छ।कृषि,",1
गर्नेलगायतका,1
रिचार्ज,1
महसुल,1
यूटीएल,1
"सीडीएमए,",1
"डिशहोम,",1
व्याज,1
कर्जाको,1
मौज्दातको,1
खातामा,1
"झिक्ने,",1
जम्मा,1
सीमासम्मको,1
"खोल्ने,",1
यसबाट,1
प्रतिनिधिमार्पmत,1
छ।शाखारहित,1
कार्कीलाई,1
रामबहादुर,1
अधिकारी,1
राजन,1
भवानीपुरमा,1
खैरेनी,1
देवराज,1
चौघडामा,1
त्रिशुली,1
सुमन,1
खार्मीमा,1
"सिंह,",1
जीतेन्द्रकुमार,1
बटेश्वरमा,1
राकेशकुमार,1
पुष्पवलपुरमा,1
ढल्केबर,1
तोकिएका,1
थापा,1
मिलन,1
सहकारी,1
कृषि,1
किसान,1
डडुवा,1
"दाहाल,",1
प्रकाश,1
दावाँमा,1
देवदह,1
लिखु,1
बटेश्वर,1
मिथिला,1
गाँउपालिका–,1
शैलुङ,1
संख्या,1
आएसँगै,1
हो।यी,1
मार्ने,1
फड्को,1
महत्वपूर्ण,1
नीतिअनुरुप,1
पार्ने,1
सशक्त,1
अर्ध–सहरी,1
सहरी,1
माध्यम,1
रोजाईको,1
उनीहरुकै,1
काउण्टरसँगै,1
छ।विस्तार,1
सक्रिय,1
मागलाई,1
लघुवित्तलगायतका,1
सवारी,1
घर,1
मुद्दती,1
छ।सुविधाजनक,1
६३,1
रेमिटेन्स्,1
१७२,1
"काउन्टर,",1
हस्पिटल,1
"काउण्टर,",1
१४१,1
स्थापनासँगै,1
काउण्टरको,1
छ।नयाँ,1
झुलनेटामा,1
गाँउपालिकास्थित,1
त्रिवेणी,1
पश्चिमको,1
रुकुम,1
एघारौं,1
